               epoch,      train/box_loss,      train/obj_loss,      train/cls_loss,   metrics/precision,      metrics/recall,     metrics/mAP_0.5,metrics/mAP_0.5:0.95,        val/box_loss,        val/obj_loss,        val/cls_loss,               x/lr0,               x/lr1,               x/lr2
                   0,              0.1439,              0.1122,            0.056534,             0.61821,             0.01964,           0.0097872,           0.0019623,             0.13164,              0.2412,            0.052635,              0.0005,              0.0005,              0.0955
                   1,             0.12236,             0.14583,            0.044649,             0.24623,             0.12168,            0.050778,            0.016355,             0.11552,             0.28146,            0.043539,             0.00101,             0.00101,             0.09091
                   2,             0.11457,             0.16692,            0.040409,             0.26212,             0.14843,            0.072645,            0.028157,             0.10932,             0.24171,            0.041269,           0.0015198,           0.0015198,             0.08632
                   3,              0.1127,             0.17234,            0.038576,             0.38162,             0.15741,            0.092149,            0.035541,             0.10743,             0.25742,            0.040663,           0.0020295,           0.0020295,             0.08173
                   4,             0.11126,             0.17493,            0.037665,              0.3906,             0.17745,            0.097973,            0.039494,             0.10605,             0.24154,            0.039416,            0.002539,            0.002539,            0.077139
                   5,             0.10998,             0.17502,            0.036425,             0.40179,             0.18334,             0.10487,            0.040401,             0.10531,             0.24065,            0.038616,           0.0030481,           0.0030481,            0.072548
                   6,             0.10882,              0.1738,            0.035905,             0.42229,             0.18977,             0.11904,            0.047351,             0.10519,             0.25341,             0.03837,           0.0035568,           0.0035568,            0.067957
                   7,             0.10859,             0.17536,            0.035057,             0.34047,             0.19347,             0.13202,            0.055979,             0.10277,             0.24072,            0.037394,           0.0040651,           0.0040651,            0.063365
                   8,             0.10714,             0.17296,            0.034325,             0.49063,             0.17813,             0.14442,            0.056218,             0.10272,             0.24175,            0.036815,           0.0045728,           0.0045728,            0.058773
                   9,             0.10651,             0.17425,            0.033619,             0.38119,             0.20397,             0.15081,            0.063642,             0.10193,             0.24381,            0.036661,           0.0050798,           0.0050798,             0.05418
                  10,             0.10604,             0.17481,            0.033087,             0.49602,             0.19916,             0.16503,            0.072566,             0.10157,             0.24184,            0.036283,           0.0055862,           0.0055862,            0.049586
                  11,             0.10511,             0.17349,            0.032478,             0.49062,             0.21835,             0.16902,            0.072357,             0.10142,              0.2428,            0.035738,           0.0060918,           0.0060918,            0.044992
                  12,             0.10448,             0.17375,            0.031908,             0.54036,             0.20141,              0.1789,            0.081286,             0.10035,             0.24081,            0.035251,           0.0065965,           0.0065965,            0.040397
                  13,             0.10409,             0.17176,            0.031579,             0.43884,             0.22692,             0.18434,            0.083366,             0.10013,             0.24179,            0.034835,           0.0071003,           0.0071003,              0.0358
                  14,             0.10397,             0.17297,             0.03147,             0.33238,             0.22022,             0.18952,            0.087625,             0.09965,             0.24005,            0.035421,           0.0076031,           0.0076031,            0.031203
                  15,              0.1034,             0.17303,            0.030998,               0.447,             0.22014,             0.18761,            0.084734,             0.10005,             0.25253,            0.034853,           0.0081048,           0.0081048,            0.026605
                  16,               0.103,             0.17419,            0.030695,             0.36741,             0.23555,             0.18456,             0.08394,            0.099853,             0.24667,            0.035403,           0.0086054,           0.0086054,            0.022005
                  17,             0.10283,             0.17442,            0.030169,             0.34296,             0.26065,             0.20043,            0.093038,            0.099509,              0.2491,            0.035018,           0.0091048,           0.0091048,            0.017405
                  18,             0.10227,             0.17323,            0.030033,             0.31084,             0.24017,             0.20006,            0.089103,            0.099876,             0.25496,            0.035157,           0.0096028,           0.0096028,            0.012803
                  19,             0.10258,             0.17434,            0.029784,             0.30792,             0.23501,             0.20272,            0.091002,            0.099633,             0.24512,            0.035385,           0.0099112,           0.0099112,           0.0099112
                  20,             0.10119,             0.17226,             0.02946,              0.2828,             0.24811,             0.20567,            0.095275,            0.099107,             0.24622,            0.034492,           0.0099112,           0.0099112,           0.0099112
                  21,             0.10069,              0.1725,            0.029046,             0.30158,             0.26096,             0.21334,             0.10026,            0.098808,             0.24135,            0.034655,           0.0099017,           0.0099017,           0.0099017
                  22,             0.10067,             0.17277,            0.028823,             0.28417,             0.27854,             0.22418,             0.10981,            0.097658,             0.24506,            0.034259,           0.0098916,           0.0098916,           0.0098916
                  23,            0.099996,             0.17172,            0.028605,             0.29544,             0.29609,              0.2358,             0.11112,            0.098683,             0.24307,            0.034289,           0.0098811,           0.0098811,           0.0098811
                  24,            0.099907,              0.1711,            0.028246,             0.32985,             0.27223,             0.23738,              0.1139,            0.097581,             0.24328,            0.034395,           0.0098701,           0.0098701,           0.0098701
                  25,             0.09956,             0.17191,            0.027948,             0.31218,             0.28594,             0.24147,              0.1173,            0.097903,             0.24042,            0.033843,           0.0098586,           0.0098586,           0.0098586
                  26,            0.099178,             0.16978,            0.027945,             0.33998,             0.27599,             0.23942,              0.1133,            0.097322,             0.24194,             0.03313,           0.0098467,           0.0098467,           0.0098467
                  27,            0.099085,             0.17239,            0.027818,             0.32035,             0.29154,             0.25111,             0.12355,            0.097027,             0.23984,            0.033216,           0.0098342,           0.0098342,           0.0098342
                  28,            0.098822,             0.16969,            0.027523,             0.37166,             0.26883,             0.25155,             0.11991,            0.096781,             0.24351,            0.032841,           0.0098213,           0.0098213,           0.0098213
                  29,            0.098781,             0.17081,            0.027348,             0.36273,             0.27652,             0.25124,             0.12404,            0.096394,             0.23925,            0.033221,           0.0098079,           0.0098079,           0.0098079
                  30,            0.098663,             0.16971,            0.026953,             0.34136,             0.30179,             0.26124,             0.12912,            0.096424,             0.23926,            0.032764,           0.0097941,           0.0097941,           0.0097941
                  31,            0.098378,             0.16957,            0.026995,              0.3416,             0.29194,             0.25679,             0.12752,            0.096308,             0.23768,            0.033087,           0.0097798,           0.0097798,           0.0097798
                  32,             0.09817,             0.16757,            0.027059,             0.37817,             0.29194,             0.27296,             0.13479,            0.096167,              0.2405,            0.032326,            0.009765,            0.009765,            0.009765
                  33,            0.097769,             0.16843,            0.026802,             0.33103,             0.31483,             0.26746,             0.13173,            0.096304,             0.23945,            0.032257,           0.0097497,           0.0097497,           0.0097497
                  34,            0.098239,             0.17059,            0.026566,             0.39197,             0.27614,             0.26641,             0.13124,            0.096455,              0.2409,            0.032487,            0.009734,            0.009734,            0.009734
                  35,            0.098284,             0.16998,            0.026596,             0.35251,             0.30694,             0.26996,             0.13722,            0.095903,             0.23835,            0.033089,           0.0097178,           0.0097178,           0.0097178
                  36,            0.097784,             0.16911,            0.026394,             0.36182,             0.30146,              0.2731,             0.13803,            0.096023,             0.23964,            0.032791,           0.0097011,           0.0097011,           0.0097011
                  37,            0.097752,             0.16827,            0.026115,             0.40799,              0.2833,             0.27753,             0.14053,            0.095615,             0.23674,              0.0328,            0.009684,            0.009684,            0.009684
                  38,            0.097434,             0.16765,            0.026339,             0.35384,             0.31135,             0.27667,             0.13893,            0.095884,             0.23877,            0.032576,           0.0096664,           0.0096664,           0.0096664
                  39,             0.09754,             0.16699,            0.026075,             0.39864,             0.29004,             0.26991,             0.13827,            0.095586,             0.23813,            0.032568,           0.0096484,           0.0096484,           0.0096484
                  40,            0.097419,             0.16838,            0.025955,             0.35949,              0.3024,             0.27146,             0.13796,            0.095435,             0.23775,            0.032729,           0.0096299,           0.0096299,           0.0096299
                  41,             0.09723,             0.16765,            0.026016,             0.35744,             0.31541,              0.2768,             0.14088,            0.095396,             0.23607,            0.032005,            0.009611,            0.009611,            0.009611
                  42,             0.09714,             0.16672,            0.025727,             0.39876,             0.30643,             0.28859,               0.146,            0.095505,             0.23714,            0.032066,           0.0095916,           0.0095916,           0.0095916
                  43,            0.096854,             0.16707,            0.025738,             0.38428,             0.30844,             0.28428,              0.1451,            0.095271,             0.23848,            0.032183,           0.0095717,           0.0095717,           0.0095717
                  44,            0.096784,             0.16667,            0.025655,             0.41157,             0.30304,             0.28566,             0.14456,            0.095349,             0.23742,            0.031927,           0.0095514,           0.0095514,           0.0095514
                  45,            0.096852,              0.1658,              0.0256,             0.39812,             0.30657,             0.27948,             0.14339,            0.095204,             0.23737,            0.032447,           0.0095307,           0.0095307,           0.0095307
                  46,            0.096336,             0.16577,            0.025398,             0.39741,             0.30511,             0.28186,             0.14417,            0.095025,              0.2365,            0.032379,           0.0095095,           0.0095095,           0.0095095
                  47,            0.096916,              0.1689,             0.02544,             0.41225,             0.29657,             0.28885,             0.14879,            0.095118,             0.23711,            0.031543,           0.0094879,           0.0094879,           0.0094879
                  48,            0.096704,             0.16535,            0.025339,             0.39994,             0.29945,             0.28778,             0.14753,            0.095185,             0.23696,            0.031984,           0.0094659,           0.0094659,           0.0094659
                  49,             0.09664,              0.1672,             0.02543,              0.4104,             0.29886,             0.28613,             0.14745,            0.095001,             0.23647,             0.03161,           0.0094434,           0.0094434,           0.0094434
                  50,            0.096293,              0.1656,            0.025331,             0.37323,             0.32055,             0.28403,             0.14562,            0.095118,             0.23909,            0.031905,           0.0094205,           0.0094205,           0.0094205
                  51,             0.09624,             0.16556,            0.025177,             0.39438,             0.31568,             0.29602,             0.15183,             0.09501,             0.23706,            0.031915,           0.0093971,           0.0093971,           0.0093971
                  52,            0.096477,             0.16739,            0.025286,             0.39756,             0.29879,             0.28226,             0.14369,            0.095125,             0.23757,            0.031974,           0.0093733,           0.0093733,           0.0093733
                  53,            0.096323,             0.16438,            0.025022,              0.3943,             0.31639,              0.2911,             0.14925,            0.094796,             0.23626,            0.031807,           0.0093491,           0.0093491,           0.0093491
                  54,            0.095781,             0.16542,            0.025031,             0.40787,             0.30931,             0.29233,             0.15231,            0.094724,             0.23608,            0.031646,           0.0093245,           0.0093245,           0.0093245
                  55,            0.095845,             0.16478,            0.025066,             0.39194,             0.30733,              0.2844,             0.14658,            0.095118,             0.23781,            0.033221,           0.0092995,           0.0092995,           0.0092995
                  56,            0.095803,              0.1641,            0.024992,             0.41745,             0.29905,             0.29364,             0.15193,             0.09481,             0.23624,            0.031798,            0.009274,            0.009274,            0.009274
                  57,            0.095883,             0.16433,             0.02491,             0.40392,             0.31201,             0.29605,             0.15325,            0.094779,             0.23672,            0.031586,           0.0092481,           0.0092481,           0.0092481
                  58,            0.095977,             0.16525,            0.024872,             0.41405,             0.30366,             0.29248,             0.14937,            0.094952,             0.23878,            0.031978,           0.0092219,           0.0092219,           0.0092219
                  59,            0.095981,             0.16568,            0.024714,             0.41316,             0.30982,             0.29844,             0.15364,            0.094601,              0.2381,            0.031531,           0.0091952,           0.0091952,           0.0091952
                  60,            0.095986,             0.16573,             0.02499,             0.40396,             0.32176,             0.30048,             0.15706,            0.094577,             0.23663,            0.031688,           0.0091681,           0.0091681,           0.0091681
                  61,            0.095607,             0.16388,             0.02442,             0.40077,             0.31121,             0.29483,             0.15279,            0.094646,             0.23788,            0.032206,           0.0091406,           0.0091406,           0.0091406
                  62,            0.095854,             0.16421,            0.024844,             0.41526,             0.31231,             0.30226,             0.15658,            0.094573,             0.23731,            0.031634,           0.0091127,           0.0091127,           0.0091127
                  63,            0.095463,             0.16382,            0.024475,             0.42475,             0.29814,             0.29232,             0.15294,            0.094611,             0.23908,            0.032121,           0.0090844,           0.0090844,           0.0090844
                  64,            0.095687,             0.16271,             0.02449,             0.41265,             0.31225,             0.30014,             0.15704,            0.094497,             0.23646,            0.031632,           0.0090557,           0.0090557,           0.0090557
                  65,             0.09536,              0.1626,            0.024592,             0.41584,             0.32243,             0.30707,             0.16006,            0.094316,             0.23578,            0.031526,           0.0090266,           0.0090266,           0.0090266
                  66,            0.095217,             0.16514,             0.02463,             0.41699,             0.32477,             0.31084,             0.16153,              0.0944,             0.23608,            0.031247,           0.0089972,           0.0089972,           0.0089972
                  67,            0.095714,             0.16461,            0.024359,             0.40341,             0.32612,             0.30457,              0.1599,            0.094396,             0.23776,            0.031613,           0.0089673,           0.0089673,           0.0089673
                  68,            0.095271,             0.16506,            0.024165,             0.38065,             0.32563,             0.30073,             0.15381,            0.094462,             0.23827,            0.031814,           0.0089371,           0.0089371,           0.0089371
                  69,             0.09556,             0.16415,            0.024201,             0.40778,             0.32719,             0.30727,             0.16113,             0.09425,             0.23564,            0.031145,           0.0089065,           0.0089065,           0.0089065
                  70,            0.095654,             0.16495,            0.024302,             0.41652,             0.31537,             0.30389,             0.15884,            0.094161,             0.23743,            0.031614,           0.0088755,           0.0088755,           0.0088755
                  71,            0.095533,             0.16387,             0.02412,             0.43418,             0.31395,             0.30406,             0.15838,            0.094159,             0.23571,            0.031169,           0.0088442,           0.0088442,           0.0088442
                  72,            0.095513,             0.16302,            0.024223,             0.43354,             0.32687,             0.31241,             0.16282,            0.093997,             0.23575,            0.031044,           0.0088124,           0.0088124,           0.0088124
                  73,            0.095216,             0.16298,            0.024102,             0.42643,             0.31514,             0.30731,             0.16072,            0.094096,             0.23533,            0.031639,           0.0087804,           0.0087804,           0.0087804
                  74,            0.095165,             0.16434,            0.024123,             0.42336,              0.3263,             0.30739,             0.16317,             0.09406,             0.23659,            0.031429,           0.0087479,           0.0087479,           0.0087479
                  75,            0.095065,             0.16284,            0.024012,             0.41301,             0.32622,             0.30479,              0.1589,            0.094171,             0.23599,            0.031465,           0.0087151,           0.0087151,           0.0087151
                  76,            0.095079,             0.16256,            0.024112,             0.43298,             0.31525,              0.3048,             0.15805,            0.094106,             0.23879,            0.031609,            0.008682,            0.008682,            0.008682
                  77,            0.095318,             0.16381,             0.02407,             0.41909,             0.32223,             0.30992,             0.16342,            0.093883,             0.23647,            0.031577,           0.0086485,           0.0086485,           0.0086485
                  78,             0.09523,             0.16338,            0.023853,             0.38543,             0.33678,             0.30291,             0.15848,            0.094187,             0.23812,            0.031532,           0.0086146,           0.0086146,           0.0086146
                  79,            0.095504,             0.16328,            0.024145,             0.43018,             0.31417,             0.30832,             0.16207,            0.094082,             0.23663,            0.031254,           0.0085805,           0.0085805,           0.0085805
                  80,            0.095078,             0.16233,            0.024037,             0.40219,             0.33323,             0.30626,             0.15967,            0.093962,             0.23661,            0.031695,           0.0085459,           0.0085459,           0.0085459
                  81,            0.095054,             0.16171,            0.023889,             0.41617,             0.32537,             0.31257,             0.16307,            0.093919,             0.23503,            0.030866,           0.0085111,           0.0085111,           0.0085111
                  82,            0.094228,             0.16071,            0.023778,              0.4262,             0.32408,             0.31064,             0.16318,            0.093879,             0.23594,            0.031347,           0.0084759,           0.0084759,           0.0084759
                  83,            0.095055,              0.1627,            0.023907,             0.43921,             0.31737,             0.31187,             0.16424,            0.093822,             0.23711,            0.031197,           0.0084404,           0.0084404,           0.0084404
                  84,            0.094783,             0.16166,            0.023658,             0.44459,             0.31906,             0.31538,             0.16643,            0.093817,             0.23609,            0.031253,           0.0084046,           0.0084046,           0.0084046
                  85,            0.094655,             0.16189,            0.023695,             0.42991,             0.31954,             0.31321,             0.16396,            0.093875,             0.23639,            0.031191,           0.0083684,           0.0083684,           0.0083684
                  86,            0.094901,             0.16205,            0.023667,              0.4417,             0.32005,             0.30942,             0.16385,            0.093926,             0.23598,            0.031484,           0.0083319,           0.0083319,           0.0083319
                  87,            0.094782,             0.16211,            0.023746,             0.42372,             0.32731,             0.31359,             0.16483,            0.093855,              0.2363,            0.031586,           0.0082952,           0.0082952,           0.0082952
                  88,            0.094405,             0.16135,            0.023704,             0.46895,             0.30771,             0.31381,             0.16501,            0.093854,             0.23692,            0.030923,           0.0082581,           0.0082581,           0.0082581
                  89,            0.094507,             0.16156,            0.023482,             0.43211,             0.32603,              0.3171,             0.16596,            0.093737,             0.23723,            0.031551,           0.0082207,           0.0082207,           0.0082207
                  90,            0.094265,             0.15992,            0.023492,             0.39907,             0.33586,             0.31098,             0.16279,             0.09384,             0.23742,            0.031218,            0.008183,            0.008183,            0.008183
                  91,             0.09417,             0.16097,            0.023506,             0.40871,             0.34588,             0.31509,             0.16644,            0.093612,             0.23571,            0.030991,            0.008145,            0.008145,            0.008145
                  92,            0.094647,             0.16281,            0.023528,             0.45823,              0.3215,             0.31666,              0.1683,              0.0937,             0.23535,            0.031204,           0.0081068,           0.0081068,           0.0081068
                  93,            0.094949,             0.16214,            0.023426,             0.45587,             0.32476,             0.32123,             0.16999,            0.093567,             0.23604,            0.030753,           0.0080682,           0.0080682,           0.0080682
                  94,            0.094227,             0.16045,            0.023424,             0.43728,             0.32086,              0.3136,             0.16592,            0.093841,             0.23736,            0.031297,           0.0080294,           0.0080294,           0.0080294
                  95,            0.094318,              0.1612,            0.023334,              0.4353,             0.33162,             0.32061,             0.16949,             0.09356,             0.23726,            0.030885,           0.0079903,           0.0079903,           0.0079903
                  96,            0.094258,             0.15943,            0.023389,              0.4355,             0.32537,             0.31492,             0.16671,            0.093626,             0.23753,            0.031392,           0.0079509,           0.0079509,           0.0079509
                  97,            0.094055,             0.15974,            0.023447,             0.43966,             0.32517,             0.31616,             0.16747,            0.093843,             0.23581,            0.031472,           0.0079112,           0.0079112,           0.0079112
                  98,            0.094442,             0.16005,            0.023133,             0.43933,             0.33552,             0.32274,             0.16985,            0.093606,             0.23678,            0.030991,           0.0078713,           0.0078713,           0.0078713
                  99,            0.094291,             0.16219,            0.023371,             0.43287,             0.33376,             0.32395,             0.17215,            0.093541,             0.23658,            0.030691,           0.0078311,           0.0078311,           0.0078311
                 100,            0.094177,              0.1594,             0.02306,             0.45112,             0.32593,             0.31976,             0.17068,            0.093453,             0.23583,            0.030986,           0.0077907,           0.0077907,           0.0077907
                 101,            0.094161,             0.16128,            0.023284,             0.40423,             0.35029,              0.3211,             0.16925,            0.093463,             0.23625,            0.031128,             0.00775,             0.00775,             0.00775
                 102,            0.094228,             0.16077,            0.023196,             0.42273,             0.33181,              0.3142,             0.16595,            0.093689,             0.23759,            0.031001,           0.0077091,           0.0077091,           0.0077091
                 103,            0.094021,             0.15976,            0.023267,             0.43697,             0.32522,             0.31715,             0.16857,            0.093413,             0.23612,            0.031357,           0.0076679,           0.0076679,           0.0076679
                 104,            0.094217,             0.16173,            0.023181,             0.41361,             0.34047,             0.31986,             0.17072,            0.093485,             0.23662,             0.03082,           0.0076265,           0.0076265,           0.0076265
                 105,            0.094089,              0.1601,            0.023059,             0.43152,             0.33386,             0.31989,             0.16863,            0.093541,             0.23663,            0.031069,           0.0075848,           0.0075848,           0.0075848
                 106,             0.09424,             0.16017,            0.023039,               0.456,              0.3224,             0.31998,             0.16932,            0.093558,             0.23673,            0.031116,            0.007543,            0.007543,            0.007543
                 107,            0.094083,             0.15941,            0.023155,             0.43482,             0.33382,             0.32138,              0.1704,            0.093563,             0.23681,            0.031051,           0.0075009,           0.0075009,           0.0075009
                 108,            0.093906,             0.15978,            0.023024,             0.43306,             0.33964,             0.32664,             0.17376,            0.093425,             0.23678,            0.030776,           0.0074585,           0.0074585,           0.0074585
                 109,            0.093766,              0.1601,            0.022904,             0.40735,             0.34578,             0.31843,              0.1689,            0.093472,             0.23741,            0.031059,            0.007416,            0.007416,            0.007416
                 110,            0.093952,             0.16153,            0.023109,             0.44016,             0.33249,             0.32511,             0.17302,            0.093337,             0.23726,            0.030756,           0.0073733,           0.0073733,           0.0073733
                 111,            0.093884,             0.16031,            0.023164,             0.42611,             0.34077,             0.32053,             0.16996,            0.093509,             0.23765,            0.030828,           0.0073303,           0.0073303,           0.0073303
                 112,            0.094114,             0.16009,             0.02299,             0.45677,             0.32467,             0.32102,             0.17062,            0.093464,               0.238,            0.030748,           0.0072872,           0.0072872,           0.0072872
                 113,            0.093889,             0.16095,            0.023003,             0.47222,             0.32035,             0.32602,             0.17371,            0.093317,              0.2357,             0.03077,           0.0072438,           0.0072438,           0.0072438
                 114,            0.093833,             0.15905,            0.022783,             0.46353,             0.32204,             0.32546,             0.17401,             0.09326,              0.2364,            0.030895,           0.0072003,           0.0072003,           0.0072003
                 115,            0.094046,             0.16007,            0.022857,             0.43547,             0.33569,             0.32456,             0.17236,            0.093331,             0.23717,            0.031063,           0.0071566,           0.0071566,           0.0071566
                 116,            0.094003,             0.15926,             0.02287,              0.4691,              0.3155,             0.31747,             0.16977,            0.093328,             0.23908,            0.031141,           0.0071127,           0.0071127,           0.0071127
                 117,            0.094184,             0.16116,            0.022772,             0.43549,             0.33834,             0.32668,              0.1746,             0.09314,             0.23614,            0.030963,           0.0070686,           0.0070686,           0.0070686
                 118,             0.09378,             0.15868,            0.022689,             0.41776,             0.34778,             0.32559,             0.17325,            0.093267,             0.23631,            0.030742,           0.0070243,           0.0070243,           0.0070243
                 119,            0.093823,                0.16,            0.022573,             0.45163,             0.33173,             0.32444,             0.17262,             0.09333,             0.23715,            0.030904,           0.0069799,           0.0069799,           0.0069799
                 120,            0.093793,             0.15882,            0.022661,             0.45515,              0.3292,             0.32244,             0.17112,            0.093234,             0.23734,            0.030846,           0.0069353,           0.0069353,           0.0069353
                 121,            0.093936,             0.15986,            0.022678,             0.42418,             0.34539,             0.32652,             0.17466,            0.093162,             0.23599,            0.031048,           0.0068906,           0.0068906,           0.0068906
                 122,            0.093651,             0.15826,            0.022731,             0.41735,             0.34894,             0.32546,              0.1745,            0.093189,             0.23752,            0.031204,           0.0068457,           0.0068457,           0.0068457
                 123,            0.093471,             0.15867,             0.02284,              0.4433,             0.34267,             0.32674,              0.1738,            0.093226,             0.23697,            0.030692,           0.0068006,           0.0068006,           0.0068006
                 124,            0.093559,             0.16091,            0.022726,             0.44805,             0.33135,             0.32584,             0.17355,            0.093227,             0.23761,            0.030659,           0.0067555,           0.0067555,           0.0067555
                 125,             0.09329,             0.15793,            0.022484,             0.44499,             0.34122,             0.32692,             0.17487,             0.09311,             0.23725,            0.031175,           0.0067101,           0.0067101,           0.0067101
                 126,            0.093122,             0.15731,            0.022556,             0.44299,              0.3385,             0.32837,             0.17588,            0.093146,             0.23689,            0.030692,           0.0066647,           0.0066647,           0.0066647
                 127,            0.093536,             0.15967,            0.022685,             0.42384,             0.34633,             0.32992,             0.17596,            0.093121,             0.23745,            0.030722,           0.0066191,           0.0066191,           0.0066191
                 128,            0.093508,             0.15829,            0.022333,             0.43545,             0.33587,             0.32937,             0.17601,            0.093114,             0.23775,            0.030718,           0.0065734,           0.0065734,           0.0065734
                 129,            0.093258,             0.15525,            0.022427,             0.45432,             0.33229,             0.32838,             0.17508,            0.093041,             0.23708,            0.030948,           0.0065276,           0.0065276,           0.0065276
                 130,            0.093311,             0.15797,             0.02247,             0.45405,              0.3303,              0.3239,             0.17248,            0.093124,               0.237,            0.030989,           0.0064816,           0.0064816,           0.0064816
                 131,            0.093704,             0.15907,            0.022473,             0.46481,             0.32557,             0.32375,             0.17421,            0.093092,             0.23755,            0.031042,           0.0064356,           0.0064356,           0.0064356
                 132,            0.093227,             0.15774,            0.022434,             0.45923,             0.33922,               0.329,             0.17613,            0.093071,             0.23657,            0.030791,           0.0063895,           0.0063895,           0.0063895
                 133,            0.093113,              0.1573,             0.02251,             0.44709,             0.34241,             0.32903,             0.17668,            0.093044,             0.23653,            0.030766,           0.0063432,           0.0063432,           0.0063432
                 134,            0.093413,              0.1582,            0.022294,             0.46465,             0.33398,             0.32744,             0.17521,            0.093047,             0.23764,            0.030738,           0.0062969,           0.0062969,           0.0062969
                 135,            0.093354,              0.1587,            0.022227,             0.45341,             0.34204,             0.33086,             0.17796,            0.092988,             0.23646,            0.030526,           0.0062505,           0.0062505,           0.0062505
                 136,            0.093044,             0.15796,             0.02222,             0.44395,              0.3495,             0.33024,              0.1771,            0.093087,             0.23686,            0.030847,            0.006204,            0.006204,            0.006204
                 137,            0.092981,             0.15707,            0.022375,             0.45568,             0.34086,             0.33144,             0.17747,            0.092922,             0.23693,            0.030704,           0.0061574,           0.0061574,           0.0061574
                 138,            0.093247,             0.15747,            0.022027,             0.45164,             0.33591,             0.32883,             0.17465,            0.092983,             0.23634,            0.030911,           0.0061107,           0.0061107,           0.0061107
                 139,            0.093355,             0.15877,            0.022177,             0.47479,             0.32528,             0.32906,             0.17559,            0.093031,             0.23729,            0.030896,            0.006064,            0.006064,            0.006064
                 140,            0.093163,             0.15928,            0.022186,             0.47347,             0.32935,             0.33093,              0.1775,            0.092962,             0.23695,            0.030906,           0.0060172,           0.0060172,           0.0060172
                 141,            0.093085,             0.15903,            0.022126,             0.45367,             0.33273,             0.32684,             0.17624,            0.093094,             0.23676,            0.031078,           0.0059704,           0.0059704,           0.0059704
                 142,            0.092986,             0.15617,            0.022163,             0.45456,             0.33912,             0.33069,             0.17766,             0.09293,             0.23737,            0.030692,           0.0059235,           0.0059235,           0.0059235
                 143,             0.09292,             0.15619,            0.022124,              0.4209,             0.35971,              0.3301,             0.17878,            0.092886,             0.23768,            0.030617,           0.0058766,           0.0058766,           0.0058766
                 144,            0.092953,             0.15681,             0.02203,             0.46864,             0.33279,             0.33129,             0.17835,            0.092918,             0.23764,             0.03076,           0.0058296,           0.0058296,           0.0058296
                 145,            0.093121,             0.15641,             0.02211,              0.4474,             0.34256,             0.32953,             0.17711,            0.092962,             0.23716,            0.030731,           0.0057826,           0.0057826,           0.0057826
                 146,             0.09294,             0.15559,            0.022006,             0.45132,             0.34294,              0.3314,             0.17835,             0.09292,             0.23782,            0.030568,           0.0057355,           0.0057355,           0.0057355
                 147,            0.093293,             0.15821,            0.021945,             0.44462,             0.34769,             0.33273,             0.17966,            0.092916,             0.23702,            0.030638,           0.0056884,           0.0056884,           0.0056884
                 148,            0.092722,             0.15494,            0.021914,             0.43354,             0.34716,             0.32942,             0.17866,            0.093005,             0.23856,            0.030711,           0.0056413,           0.0056413,           0.0056413
                 149,            0.092272,             0.15514,            0.021823,             0.43649,             0.34872,             0.33155,             0.17856,            0.092943,             0.23865,            0.030739,           0.0055942,           0.0055942,           0.0055942
                 150,            0.092852,             0.15603,            0.021862,             0.46862,             0.33333,             0.33317,             0.17884,            0.092893,             0.23806,             0.03068,           0.0055471,           0.0055471,           0.0055471
                 151,            0.092502,             0.15574,            0.021958,             0.46931,             0.33378,             0.33274,             0.17989,            0.092849,             0.23766,              0.0306,              0.0055,              0.0055,              0.0055
                 152,            0.092747,              0.1563,            0.022004,             0.46637,             0.33503,             0.33084,             0.17808,            0.092827,             0.23728,            0.030695,           0.0054529,           0.0054529,           0.0054529
                 153,            0.092395,             0.15413,             0.02178,             0.45762,             0.33608,             0.33065,              0.1782,            0.092812,             0.23819,            0.030688,           0.0054058,           0.0054058,           0.0054058
                 154,            0.092438,             0.15647,            0.021968,             0.43774,              0.3488,             0.33193,              0.1793,            0.092843,             0.23839,            0.030605,           0.0053587,           0.0053587,           0.0053587
                 155,            0.092772,             0.15643,            0.021801,             0.45979,             0.33657,             0.33329,             0.17906,            0.092854,             0.23812,            0.030602,           0.0053116,           0.0053116,           0.0053116
                 156,            0.092655,             0.15767,            0.021919,             0.43911,             0.35233,              0.3344,             0.17989,             0.09285,             0.23818,            0.030635,           0.0052645,           0.0052645,           0.0052645
                 157,            0.092676,             0.15587,            0.021957,             0.44116,             0.34589,             0.33344,             0.17921,            0.092842,             0.23833,            0.030596,           0.0052174,           0.0052174,           0.0052174
                 158,            0.092675,             0.15576,            0.021726,             0.44817,             0.34353,             0.33322,             0.17977,             0.09283,             0.23775,            0.030779,           0.0051704,           0.0051704,           0.0051704
                 159,            0.092402,             0.15563,            0.021733,             0.48506,             0.32389,             0.33283,             0.17998,            0.092906,             0.23896,            0.030726,           0.0051234,           0.0051234,           0.0051234
                 160,            0.092904,             0.15717,            0.021776,             0.47123,              0.3325,             0.33532,             0.18137,            0.092869,             0.23859,            0.030673,           0.0050765,           0.0050765,           0.0050765
                 161,            0.092881,             0.15514,             0.02172,              0.4905,             0.32208,             0.33486,              0.1819,            0.092782,             0.23834,            0.030601,           0.0050296,           0.0050296,           0.0050296
                 162,            0.092612,             0.15586,            0.021483,             0.45195,             0.34157,              0.3362,             0.18225,            0.092801,             0.23858,            0.030802,           0.0049828,           0.0049828,           0.0049828
                 163,            0.092331,             0.15464,            0.021786,             0.45556,             0.34083,             0.33418,             0.18209,             0.09276,             0.23797,            0.030744,            0.004936,            0.004936,            0.004936
                 164,            0.092436,             0.15622,            0.021729,             0.44933,             0.34716,             0.33351,             0.18093,            0.092742,             0.23777,            0.030655,           0.0048893,           0.0048893,           0.0048893
                 165,            0.092949,             0.15725,            0.021711,             0.45328,             0.34378,             0.33481,             0.18237,            0.092721,             0.23772,             0.03067,           0.0048426,           0.0048426,           0.0048426
                 166,            0.092522,             0.15449,            0.021472,             0.46127,             0.33975,             0.33633,             0.18345,            0.092718,             0.23781,            0.030665,            0.004796,            0.004796,            0.004796
                 167,            0.092079,             0.15259,            0.021666,             0.46278,             0.33943,             0.33599,             0.18362,            0.092683,             0.23791,            0.030692,           0.0047495,           0.0047495,           0.0047495
                 168,            0.092448,              0.1558,              0.0215,             0.44134,             0.35397,             0.33733,             0.18385,            0.092702,             0.23783,            0.030704,           0.0047031,           0.0047031,           0.0047031
                 169,            0.092883,             0.15808,            0.021665,             0.45914,             0.34104,             0.33564,             0.18164,            0.092736,              0.2381,            0.030793,           0.0046568,           0.0046568,           0.0046568
                 170,            0.092272,             0.15547,            0.021366,             0.46618,             0.33666,             0.33522,             0.18224,            0.092737,             0.23773,            0.030785,           0.0046105,           0.0046105,           0.0046105
                 171,            0.092118,             0.15426,            0.021494,             0.47036,             0.33487,             0.33494,             0.18232,            0.092722,             0.23762,            0.030669,           0.0045644,           0.0045644,           0.0045644
                 172,            0.092254,             0.15618,            0.021459,              0.4589,             0.34544,             0.33654,             0.18251,            0.092655,             0.23694,             0.03059,           0.0045184,           0.0045184,           0.0045184
                 173,            0.092007,             0.15449,            0.021447,             0.48623,             0.33054,             0.33587,             0.18168,             0.09272,             0.23829,            0.030735,           0.0044724,           0.0044724,           0.0044724
                 174,             0.09221,             0.15683,            0.021462,             0.47011,             0.33821,             0.33622,             0.18159,            0.092663,             0.23859,            0.030691,           0.0044266,           0.0044266,           0.0044266
                 175,            0.092362,             0.15494,            0.021414,             0.50358,             0.32571,               0.337,             0.18329,            0.092662,             0.23827,            0.030697,           0.0043809,           0.0043809,           0.0043809
                 176,            0.092254,             0.15548,            0.021327,             0.47878,             0.33914,             0.33888,             0.18354,             0.09268,             0.23857,            0.030601,           0.0043353,           0.0043353,           0.0043353
                 177,            0.091718,             0.15252,            0.021409,             0.45546,             0.35084,             0.33859,             0.18372,            0.092675,             0.23857,            0.030575,           0.0042899,           0.0042899,           0.0042899
                 178,            0.092088,             0.15348,            0.021361,             0.47814,             0.33537,             0.33903,             0.18404,            0.092686,             0.23885,            0.030571,           0.0042445,           0.0042445,           0.0042445
                 179,            0.091958,             0.15451,            0.021426,             0.45206,             0.34986,             0.34004,             0.18476,            0.092651,             0.23797,            0.030593,           0.0041994,           0.0041994,           0.0041994
                 180,             0.09214,             0.15456,            0.021251,             0.44231,             0.34979,             0.33816,              0.1837,            0.092678,             0.23853,            0.030729,           0.0041543,           0.0041543,           0.0041543
                 181,            0.092313,             0.15471,            0.021287,             0.42723,             0.35799,             0.33642,             0.18332,            0.092688,             0.23892,            0.030824,           0.0041094,           0.0041094,           0.0041094
                 182,            0.091944,             0.15318,            0.021246,             0.47474,             0.33712,             0.33948,             0.18439,            0.092665,             0.23901,             0.03083,           0.0040647,           0.0040647,           0.0040647
                 183,            0.091909,             0.15426,            0.021038,             0.45845,              0.3476,             0.33869,             0.18426,            0.092671,             0.23889,            0.030867,           0.0040201,           0.0040201,           0.0040201
                 184,            0.092025,             0.15471,             0.02116,             0.45158,             0.35059,             0.34049,             0.18476,            0.092636,             0.23834,            0.030744,           0.0039757,           0.0039757,           0.0039757
                 185,            0.091562,             0.15358,            0.021205,             0.44591,             0.35485,             0.34122,             0.18573,            0.092636,             0.23857,            0.030709,           0.0039314,           0.0039314,           0.0039314
                 186,            0.091744,              0.1536,            0.021124,             0.45628,             0.34966,             0.33962,             0.18471,            0.092665,             0.23877,            0.030786,           0.0038873,           0.0038873,           0.0038873
                 187,            0.091798,               0.154,            0.021157,             0.49231,              0.3306,             0.33918,             0.18448,             0.09269,             0.23875,            0.030812,           0.0038434,           0.0038434,           0.0038434
                 188,            0.092056,             0.15489,            0.020977,             0.44753,             0.35608,             0.34036,             0.18545,            0.092655,             0.23889,            0.030745,           0.0037997,           0.0037997,           0.0037997
                 189,            0.091999,             0.15407,            0.021056,             0.45214,             0.34988,             0.33949,             0.18511,            0.092682,             0.23934,            0.030825,           0.0037562,           0.0037562,           0.0037562
                 190,            0.091835,             0.15347,            0.021042,             0.45483,             0.34333,             0.33886,             0.18485,            0.092702,             0.23928,            0.030948,           0.0037128,           0.0037128,           0.0037128
                 191,            0.091913,             0.15341,            0.020958,              0.4594,             0.34156,             0.33729,             0.18389,            0.092641,             0.23899,            0.030898,           0.0036697,           0.0036697,           0.0036697
                 192,            0.091702,             0.15391,            0.021015,             0.46047,             0.34309,             0.33844,             0.18432,            0.092674,              0.2392,            0.030915,           0.0036267,           0.0036267,           0.0036267
                 193,            0.091671,             0.15295,            0.021039,             0.44026,             0.35593,             0.33851,             0.18414,            0.092651,             0.23889,            0.030839,            0.003584,            0.003584,            0.003584
                 194,            0.091643,             0.15365,            0.020905,             0.44939,              0.3494,             0.33862,             0.18451,            0.092613,             0.23867,            0.030768,           0.0035415,           0.0035415,           0.0035415
                 195,            0.091696,             0.15253,            0.020984,             0.45587,             0.34596,             0.33925,             0.18418,            0.092633,             0.23874,            0.030781,           0.0034991,           0.0034991,           0.0034991
                 196,            0.091069,              0.1504,            0.020899,             0.47041,             0.34122,             0.33863,               0.184,            0.092642,             0.23879,            0.030878,            0.003457,            0.003457,            0.003457
                 197,            0.091844,             0.15275,            0.021006,             0.47959,              0.3346,             0.33691,             0.18332,            0.092642,             0.23903,             0.03087,           0.0034152,           0.0034152,           0.0034152
                 198,            0.091437,             0.15248,            0.020839,             0.46846,             0.33938,             0.33709,             0.18328,            0.092661,             0.23928,            0.030833,           0.0033735,           0.0033735,           0.0033735
                 199,            0.091399,             0.15132,            0.020751,             0.48029,             0.33419,             0.33788,             0.18386,             0.09265,              0.2393,            0.030833,           0.0033321,           0.0033321,           0.0033321
